Model,Target Variable,MSE,RMSE,MAE,R2,R,Selected Features,Coefficients
ANN_Final_Test,th_positive_cells,2550.322940220083,50.50072217523313,27.860206551300326,-0.7402354074181983,,"FBgn0000640,FBgn0003863,FBgn0000639,FBgn0002562,FBgn0000015,FBgn0002578,FBgn0002645,FBgn0003117,FBgn0000042,FBti0063742,FBgn0000406,FBgn0003345,RR48366_transposable_element,RR48326_transposable_element,FBti0063573,RR51093_transposable_element,FBgn0001311,FBgn0000083,FBti0063869,FBgn0003520","{'FBgn0000640': 0.30849204607707204, 'FBgn0003863': 0.1705350405072425, 'FBgn0000639': 0.11569244462794634, 'FBgn0002562': 0.0916121826004324, 'FBgn0000015': 0.0648011118473945, 'FBgn0002578': 0.05564319982818579, 'FBgn0002645': 0.04872098487775293, 'FBgn0003117': 0.048646173613171514, 'FBgn0000042': 0.044419693096201224, 'FBti0063742': 0.041143817794729254, 'FBgn0000406': 0.04112876205858936, 'FBgn0003345': 0.03775885880121844, 'RR48366_transposable_element': 0.03760462510975889, 'RR48326_transposable_element': 0.03695166413624103, 'FBti0063573': 0.03665059046787363, 'RR51093_transposable_element': 0.03645743240608474, 'FBgn0001311': 0.03571204235079846, 'FBgn0000083': 0.03558083727802192, 'FBti0063869': 0.034397852780376804, 'FBgn0003520': 0.03434034256783603}"
ANN_Final_Test,repo_glial_cells,52460.89638489548,229.04343776868063,105.88532659102816,-0.31844533498831895,,"FBgn0000639,FBgn0003733,FBgn0003527,FBgn0002939,RR49857_transposable_element,RR46410_transposable_element,FBti0064274,FBgn0002842,FBti0063450,FBgn0002562,RR41928_transposable_element,FBgn0003145,RR48314_transposable_element,FBgn0000079,FBgn0003450,FBgn0003863,FBgn0000392,FBgn0000045,FBgn0003545,FBti0063274","{'FBgn0000639': 1.121501508438441, 'FBgn0003733': 0.05473035581446796, 'FBgn0003527': 0.05413702535275607, 'FBgn0002939': 0.05037767549613885, 'RR49857_transposable_element': 0.046818694281259766, 'RR46410_transposable_element': 0.04638406498128945, 'FBti0064274': 0.044931963745942015, 'FBgn0002842': 0.04342722962406913, 'FBti0063450': 0.041711636175144194, 'FBgn0002562': 0.03765643297925417, 'RR41928_transposable_element': 0.03545131347408874, 'FBgn0003145': 0.03453580028958975, 'RR48314_transposable_element': 0.033123663158558074, 'FBgn0000079': 0.03232538200715968, 'FBgn0003450': 0.032307777574376216, 'FBgn0003863': 0.030984501275164434, 'FBgn0000392': 0.030458455756439337, 'FBgn0000045': 0.03030222589192832, 'FBgn0003545': 0.029991321583846636, 'FBti0063274': 0.029954790466304077}"
